Rang,nom,suffrages,sigle,parti,elu,sexe
1,MAUDET Pierre,27217,PLR,LIBÉRAUX-RADICAUX,1,0
2,FONTANET Nathalie,24573,PLR,LIBÉRAUX-RADICAUX,1,1
3,DE SENARCLENS Alexandre,22379,PLR,LIBÉRAUX-RADICAUX,1,0
4,HILTPOLD Serge,21876,PLR,LIBÉRAUX-RADICAUX,1,0
5,DE MONTMOLLIN Simone,21682,PLR,LIBÉRAUX-RADICAUX,1,1
6,MOREL Philippe,21627,PLR,LIBÉRAUX-RADICAUX,1,0
7,SAUDAN Patrick,21499,PLR,LIBÉRAUX-RADICAUX,1,0
8,AELLEN Cyril,21415,PLR,LIBÉRAUX-RADICAUX,1,0
9,DE CANDOLLE Beatriz,21164,PLR,LIBÉRAUX-RADICAUX,1,1
10,WICKY Raymond,21132,PLR,LIBÉRAUX-RADICAUX,1,0
11,VUILLOD Georges,21107,PLR,LIBÉRAUX-RADICAUX,1,0
12,PUTALLAZ Jean (Jean ROMAIN),21026,PLR,LIBÉRAUX-RADICAUX,1,0
13,BARDE Antoine,21021,PLR,LIBÉRAUX-RADICAUX,1,0
14,GENECAND Adrien,20921,PLR,LIBÉRAUX-RADICAUX,1,0
15,ALDER Murat Julian,20918,PLR,LIBÉRAUX-RADICAUX,1,0
16,CONNE Pierre,20892,PLR,LIBÉRAUX-RADICAUX,1,0
17,BÉNÉ Jacques,20889,PLR,LIBÉRAUX-RADICAUX,1,0
18,BARBIER-MUELLER Diane,20542,PLR,LIBÉRAUX-RADICAUX,1,1
19,ZUBER Céline (ROY),20522,PLR,LIBÉRAUX-RADICAUX,1,1
20,DE PLANTA Francine,20506,PLR,LIBÉRAUX-RADICAUX,1,1
21,ZWEIFEL Yvan,20445,PLR,LIBÉRAUX-RADICAUX,1,0
22,CUENDET Edouard,20430,PLR,LIBÉRAUX-RADICAUX,1,0
23,MONBARON Fabienne (MONBARON-STRESS),20406,PLR,LIBÉRAUX-RADICAUX,1,1
24,WOLFISBERG François,20335,PLR,LIBÉRAUX-RADICAUX,1,0
25,WAVRE Rolin,20319,PLR,LIBÉRAUX-RADICAUX,1,0
26,SELLEGER Charles,20309,PLR,LIBÉRAUX-RADICAUX,1,0
27,NICOLLIER Pierre,20173,PLR,LIBÉRAUX-RADICAUX,1,0
28,KÄMPFEN Véronique,20147,PLR,LIBÉRAUX-RADICAUX,1,1
81,APOTHÉLOZ Thierry,18113,SOC,LES SOCIALISTES,1,0
82,HODGERS Antonio,17137,VERT,LES VERTS,1,0
83,EMERY-TORRACINTA Anne,16565,SOC,LES SOCIALISTES,1,1
84,KAST Carole-Anne,16452,SOC,LES SOCIALISTES,1,1
85,SALERNO Sandrine,16330,SOC,LES SOCIALISTES,1,1
86,MARTI Caroline,14925,SOC,LES SOCIALISTES,1,1
87,DAL BUSCO Serge,14406,PDC,DÉMOCRATE-CHRÉTIEN,1,0
88,DANDRÈS Christian,14339,SOC,LES SOCIALISTES,1,0
89,RIELLE Jean Charles,14246,SOC,LES SOCIALISTES,1,0
90,ROCHAT Yvan,14167,VERT,LES VERTS,1,0
91,POGGIA Mauro,14131,MCG,MCG,1,0
92,DE SAINTE-MARIE Romain,14020,SOC,LES SOCIALISTES,1,0
93,WENGER Thomas,13678,SOC,LES SOCIALISTES,1,0
94,CARASSO Grégoire,13557,SOC,LES SOCIALISTES,1,0
95,VALIQUER GRECUCCIO Nicole,13532,SOC,LES SOCIALISTES,1,1
96,THÉVOZ Sylvain,13467,SOC,LES SOCIALISTES,1,0
97,VELASCO Alberto,13362,SOC,LES SOCIALISTES,1,0
98,MOYARD MIZRAHI Salima,13353,SOC,LES SOCIALISTES,1,1
99,DE CHASTONAY Marjorie,13234,VERT,LES VERTS,1,1
100,MIZRAHI Cyril,13123,SOC,LES SOCIALISTES,1,0
101,CONTI Jennifer,12859,SOC,LES SOCIALISTES,1,1
102,SOBANEK Marion,12806,SOC,LES SOCIALISTES,1,1
113,PERLER Frédérique,12318,VERT,LES VERTS,1,1
125,LEFORT François,11874,VERT,LES VERTS,1,0
126,BUSCHBECK Mathias,11860,VERT,LES VERTS,1,0
140,LEONELLI Katia,11514,VERT,LES VERTS,1,1
144,POGET Philippe,11477,VERT,LES VERTS,1,0
145,PASQUIER Isabelle (PASQUIER-EICHENBERGER),11441,VERT,LES VERTS,1,1
146,ECKERT Pierre,11357,VERT,LES VERTS,1,0
147,SORDET Adrienne,11293,VERT,LES VERTS,1,1
148,MARTIN David,11261,VERT,LES VERTS,1,0
149,KLOPFENSTEIN BROGGINI Delphine,11248,VERT,LES VERTS,1,1
150,ROSSIAUD Jean,11150,VERT,LES VERTS,1,0
151,TSCHUDI Paloma,11063,VERT,LES VERTS,1,1
161,BARTHASSAT Luc,10882,PDC,DÉMOCRATE-CHRÉTIEN,1,0
175,VON ARX-VERNON Anne-Marie,10559,PDC,DÉMOCRATE-CHRÉTIEN,1,1
190,BUCHS Bertrand,10425,PDC,DÉMOCRATE-CHRÉTIEN,1,0
213,HALLER Jocelyne,9923,EAG,ENSEMBLE À GAUCHE,1,1
217,BLONDIN Jacques,9713,PDC,DÉMOCRATE-CHRÉTIEN,1,0
218,BIDAUX Patricia (BIDAUX-RODRIGUEZ),9654,PDC,DÉMOCRATE-CHRÉTIEN,1,1
219,NIDEGGER Yves,9597,UDC,UDC,1,0
220,BOCQUET Claude,9585,PDC,DÉMOCRATE-CHRÉTIEN,1,1
221,MAITRE Vincent,9579,PDC,DÉMOCRATE-CHRÉTIEN,1,0
222,METTAN Guy,9557,PDC,DÉMOCRATE-CHRÉTIEN,1,0
223,GOLAY Roger,9296,MCG,MCG,1,0
224,CERUTTI Olivier,8939,PDC,DÉMOCRATE-CHRÉTIEN,1,0
225,PAGANI Rémy,8924,EAG,ENSEMBLE À GAUCHE,1,0
226,GUINCHARD Jean-Marc,8875,PDC,DÉMOCRATE-CHRÉTIEN,1,0
227,BACHMANN Delphine,8842,PDC,DÉMOCRATE-CHRÉTIEN,1,1
230,ROCH Ana Belen,8671,MCG,MCG,1,1
239,SORMANNI Daniel,8201,MCG,MCG,1,0
241,WENGER Saliha (Salika),8157,EAG,ENSEMBLE À GAUCHE,1,1
245,CERUTTI Thierry,8023,MCG,MCG,1,0
250,LEYVRAZ Eric,7940,UDC,UDC,1,0
258,PISTIS Sandro,7794,MCG,MCG,1,0
262,CRUCHON Pablo,7749,EAG,ENSEMBLE À GAUCHE,1,0
266,BLÄSI Thomas,7712,UDC,UDC,1,0
267,BURGERMEISTER Jean,7706,EAG,ENSEMBLE À GAUCHE,1,0
269,BÄRTSCHI François,7690,MCG,MCG,1,0
273,VANEK Pierre,7661,EAG,ENSEMBLE À GAUCHE,1,0
281,ZAUGG Christian,7581,EAG,ENSEMBLE À GAUCHE,1,0
286,BATOU Jean,7521,EAG,ENSEMBLE À GAUCHE,1,0
296,VALENTINO Stéphanie,7411,EAG,ENSEMBLE À GAUCHE,1,1
299,VOUMARD Jean Marie,7350,MCG,MCG,1,0
304,MAGNIN Danièle,7303,MCG,MCG,1,1
305,FLURY Christian,7259,MCG,MCG,1,0
306,DIMIER Patrick,7244,MCG,MCG,1,0
331,IVANOV Christo,7008,UDC,UDC,1,0
409,FLOREY Stéphane,6679,UDC,UDC,1,0
410,LUSSI Patrick,6662,UDC,UDC,1,0
420,FALQUET Marc,6488,UDC,UDC,1,0
426,FUHRMANN Marc,6428,UDC,UDC,1,0
29,BARBEY Alexis,20110,PLR,LIBÉRAUX-RADICAUX,0,0
30,BRANDT Simon,20095,PLR,LIBÉRAUX-RADICAUX,0,0
31,SUBILIA Vincent,20051,PLR,LIBÉRAUX-RADICAUX,0,0
32,APOTHÉLOZ Jacques,20046,PLR,LIBÉRAUX-RADICAUX,0,0
33,JAY Sylvie,20022,PLR,LIBÉRAUX-RADICAUX,0,1
34,DESFAYES Natacha (BUFFET-DESFAYES),20018,PLR,LIBÉRAUX-RADICAUX,0,1
35,FISS Joëlle,20008,PLR,LIBÉRAUX-RADICAUX,0,1
36,MALEK-ASGHAR Patrick,20008,PLR,LIBÉRAUX-RADICAUX,0,0
37,PASQUIER Jean-Pierre,19993,PLR,LIBÉRAUX-RADICAUX,0,0
38,RIGOTTI Maria (Helena),19952,PLR,LIBÉRAUX-RADICAUX,0,1
39,UEHLINGER Pascal,19949,PLR,LIBÉRAUX-RADICAUX,0,0
40,BURRI Rémy,19925,PLR,LIBÉRAUX-RADICAUX,0,0
41,PATEK Serge,19918,PLR,LIBÉRAUX-RADICAUX,0,0
42,MEYER Philippe,19914,PLR,LIBÉRAUX-RADICAUX,0,0
43,SENGLET Christophe,19902,PLR,LIBÉRAUX-RADICAUX,0,0
44,GRAND Eric,19899,PLR,LIBÉRAUX-RADICAUX,0,0
45,BOUVIER Christine,19895,PLR,LIBÉRAUX-RADICAUX,0,1
46,DÉROBERT Thierry,19857,PLR,LIBÉRAUX-RADICAUX,0,0
47,ORSINI Antoine,19855,PLR,LIBÉRAUX-RADICAUX,0,0
48,BERSIER Julie,19848,PLR,LIBÉRAUX-RADICAUX,0,1
49,LÄMMEL Valérie (LAEMMEL-JUILLARD),19845,PLR,LIBÉRAUX-RADICAUX,0,1
50,SERRANO Philippe,19790,PLR,LIBÉRAUX-RADICAUX,0,0
51,ROULLET Michèle,19760,PLR,LIBÉRAUX-RADICAUX,0,1
52,STEINER Matthieu,19757,PLR,LIBÉRAUX-RADICAUX,0,0
53,SCHALLER Vincent,19728,PLR,LIBÉRAUX-RADICAUX,0,0
54,BRON Gilles-Olivier,19722,PLR,LIBÉRAUX-RADICAUX,0,0
55,LOCHER Jean,19698,PLR,LIBÉRAUX-RADICAUX,0,0
56,WICKI Guy,19670,PLR,LIBÉRAUX-RADICAUX,0,0
57,BÖHLER Frances (BÖHLER-GOODSHIP Elizabeth),19656,PLR,LIBÉRAUX-RADICAUX,0,1
58,SCHNEEBELI Roland-Daniel,19653,PLR,LIBÉRAUX-RADICAUX,0,0
59,DAHER Vincent,19643,PLR,LIBÉRAUX-RADICAUX,0,0
60,OPPLIGER Danielle,19641,PLR,LIBÉRAUX-RADICAUX,0,1
61,SOMMER Monika,19639,PLR,LIBÉRAUX-RADICAUX,0,1
62,MORAND Louise,19604,PLR,LIBÉRAUX-RADICAUX,0,1
63,TSCHOPP Laurent,19599,PLR,LIBÉRAUX-RADICAUX,0,0
64,LEISER Jean-Marc,19597,PLR,LIBÉRAUX-RADICAUX,0,0
65,AGRAMUNT Gian-Reto,19575,PLR,LIBÉRAUX-RADICAUX,0,0
66,LUZZATTO Christine,19560,PLR,LIBÉRAUX-RADICAUX,0,1
67,GROGNUZ Fabien,19557,PLR,LIBÉRAUX-RADICAUX,0,0
68,HARDYN Nathalie,19525,PLR,LIBÉRAUX-RADICAUX,0,1
69,AUBERT Nicolas,19510,PLR,LIBÉRAUX-RADICAUX,0,0
70,CREFFIELD Conrad,19479,PLR,LIBÉRAUX-RADICAUX,0,0
71,MESSERLI Marie-Claire,19418,PLR,LIBÉRAUX-RADICAUX,0,1
72,BRUNEL Mayori,19399,PLR,LIBÉRAUX-RADICAUX,0,1
73,GIACOBINO Donata (GIACOBINO-FROIDEVAUX Nadia),19391,PLR,LIBÉRAUX-RADICAUX,0,1
74,TABOADA Francisco,19367,PLR,LIBÉRAUX-RADICAUX,0,0
75,BLANCH Richard-Pascal (Pascal),19344,PLR,LIBÉRAUX-RADICAUX,0,0
76,JUD Philippe,19304,PLR,LIBÉRAUX-RADICAUX,0,0
77,DOUZALS Jacques,19213,PLR,LIBÉRAUX-RADICAUX,0,0
78,CORNU Renate,19197,PLR,LIBÉRAUX-RADICAUX,0,1
79,RANA ZOLANA Ginior,19185,PLR,LIBÉRAUX-RADICAUX,0,0
80,BELLINGERI Stefano Vito,19171,PLR,LIBÉRAUX-RADICAUX,0,0
103,STRASSER Léna,12797,SOC,LES SOCIALISTES,0,1
104,BANDLER Marko,12744,SOC,LES SOCIALISTES,0,0
105,ESTEBAN Diego,12658,SOC,LES SOCIALISTES,0,0
106,OSMANI Xhevrie,12618,SOC,LES SOCIALISTES,0,1
107,STAUB Martin,12567,SOC,LES SOCIALISTES,0,0
108,GAVILANES Amanda,12529,SOC,LES SOCIALISTES,0,1
109,DEONNA Emmanuel,12417,SOC,LES SOCIALISTES,0,0
110,VERISSIMO DE FREITAS Helena,12391,SOC,LES SOCIALISTES,0,1
111,MUSSA Ahmed (Youniss),12332,SOC,LES SOCIALISTES,0,0
112,LÜTHI Badia,12331,SOC,LES SOCIALISTES,0,1
114,CLEMENCE Nicolas,12260,SOC,LES SOCIALISTES,0,0
115,KOKOT Guilhem,12187,SOC,LES SOCIALISTES,0,0
116,BAILLON Glenna,12180,SOC,LES SOCIALISTES,0,1
117,ROMANO Maria (Maria Vittoria),12169,SOC,LES SOCIALISTES,0,1
118,CASARES Maria Jesus,12145,SOC,LES SOCIALISTES,0,1
119,CHIARADONNA Denis,12129,SOC,LES SOCIALISTES,0,0
120,POMATTO Michel,12028,SOC,LES SOCIALISTES,0,0
121,VATRE Patricia,12026,SOC,LES SOCIALISTES,0,1
122,DE BATTISTA Regis,11946,SOC,LES SOCIALISTES,0,0
123,TOMBOLA Jean-Pierre,11943,SOC,LES SOCIALISTES,0,0
124,VIRET Dora (Cécilia),11915,SOC,LES SOCIALISTES,0,1
127,ALONSO UNICA Manuel,11854,SOC,LES SOCIALISTES,0,0
128,BARRY Thierno,11840,SOC,LES SOCIALISTES,0,0
129,FABRE Michel,11828,SOC,LES SOCIALISTES,0,0
130,BALDINI Frédéric,11826,SOC,LES SOCIALISTES,0,0
131,BRANDRUP Gladys (ACOSTA BRANDRUP),11820,SOC,LES SOCIALISTES,0,1
132,BURKHARD Roland,11792,SOC,LES SOCIALISTES,0,0
133,HALIMI Hysri,11787,SOC,LES SOCIALISTES,0,0
134,BRUCHEZ Thomas,11770,SOC,LES SOCIALISTES,0,0
135,KEEL Theo,11761,SOC,LES SOCIALISTES,0,0
136,BOSSHARD Pierre Yves,11714,SOC,LES SOCIALISTES,0,0
137,ZIMMERMANN Michel,11699,SOC,LES SOCIALISTES,0,0
138,LAPALUD Patrick,11540,SOC,LES SOCIALISTES,0,0
139,BENDA Benjamin,11527,SOC,LES SOCIALISTES,0,0
141,GAJARDO MUNOZ Jorge,11503,SOC,LES SOCIALISTES,0,0
142,KURTESHI Ismet,11496,SOC,LES SOCIALISTES,0,0
143,EYA NCHAMA Cruz Melchor,11483,SOC,LES SOCIALISTES,0,0
152,ORIOLO Alessandra,11054,VERT,LES VERTS,0,1
153,BAVAREL Christian,11032,VERT,LES VERTS,0,0
154,DE MATTEIS Yves,11032,VERT,LES VERTS,0,0
155,CALAME Boris,10965,VERT,LES VERTS,0,0
156,BÄNZIGER Ruth,10963,VERT,LES VERTS,0,1
157,OZTÜRK Dilara,10963,VERT,LES VERTS,0,1
158,BONNY Didier,10931,VERT,LES VERTS,0,0
159,GOMEZ Alfonso,10917,VERT,LES VERTS,0,0
160,SCHAUFELBERGER Esther,10887,VERT,LES VERTS,0,1
162,DESBIOLLES Sophie,10833,VERT,LES VERTS,0,1
163,FISCHER Fabienne,10829,VERT,LES VERTS,0,1
164,MACCHIAVELLI Marta (Marta Julia),10799,VERT,LES VERTS,0,1
165,DE ROUGEMONT Philippe,10712,VERT,LES VERTS,0,0
166,MÜLLER SONTAG Corinne,10699,VERT,LES VERTS,0,1
167,BONVIN BONFANTI Anne,10657,VERT,LES VERTS,0,1
168,QUIJANO GARCIA Maria (Maria José),10652,VERT,LES VERTS,0,1
169,TCHAMKERTEN Jolanka,10648,VERT,LES VERTS,0,1
170,NICOLET-DIT-FELIX Julien,10634,VERT,LES VERTS,0,0
171,HEBERLEIN SIMONETT Claudia,10600,VERT,LES VERTS,0,1
172,MAKOSSO William,10595,VERT,LES VERTS,0,0
173,ROGG Catharina (Olowine),10582,VERT,LES VERTS,0,1
174,BOCCARD Damien (Damien Baptiste),10578,VERT,LES VERTS,0,0
176,TINGUELY Dominique,10526,VERT,LES VERTS,0,0
177,VAN WOERDEN Wendy,10514,VERT,LES VERTS,0,1
178,NOËL Philippe,10505,VERT,LES VERTS,0,0
179,RODRIGUEZ Mario,10502,VERT,LES VERTS,0,0
180,CALAME Fabrice,10497,VERT,LES VERTS,0,0
181,AMSELLEM Benedicte (AMSELLEM-OSSIPOW),10489,VERT,LES VERTS,0,1
182,KHAMIS VANNINI Uzma,10482,VERT,LES VERTS,0,1
183,AMATO Maurice,10471,VERT,LES VERTS,0,0
184,TIGUEMOUNINE Sabine,10459,VERT,LES VERTS,0,1
185,DE MAIO Sara,10450,VERT,LES VERTS,0,1
186,BUCHER Denis,10448,VERT,LES VERTS,0,0
187,HARTMANN Esther,10443,VERT,LES VERTS,0,1
188,HAAS François,10429,VERT,LES VERTS,0,0
189,CORPATAUX Laurence,10427,VERT,LES VERTS,0,1
191,CHAUDIEU Anne,10421,VERT,LES VERTS,0,1
192,BUI Aurore,10401,VERT,LES VERTS,0,1
193,CONCHA Celtia,10335,VERT,LES VERTS,0,1
194,SCHALK Antoine,10332,VERT,LES VERTS,0,0
195,WISARD PRADO Leyma,10324,VERT,LES VERTS,0,1
196,SAA BAUD Yubitza,10291,VERT,LES VERTS,0,1
197,LATOUR Sabine,10278,VERT,LES VERTS,0,1
198,YUNUS EBENER Mariam (Maryam),10274,VERT,LES VERTS,0,1
199,DESCOMBES Isabelle,10272,VERT,LES VERTS,0,1
200,ARDIZZONE Ivan,10238,VERT,LES VERTS,0,0
201,BARCIELA VILLAR Ana,10237,VERT,LES VERTS,0,1
202,CABITZA Marina,10210,VERT,LES VERTS,0,1
203,AZZABI Omar,10188,VERT,LES VERTS,0,0
204,DUJOUX Valentin,10169,VERT,LES VERTS,0,0
205,VEIGA ARIAS Damian (VEIGA LÖFFEL),10153,VERT,LES VERTS,0,0
206,BUENZOD Christian,10151,VERT,LES VERTS,0,0
207,HERREN Yves,10114,VERT,LES VERTS,0,0
208,FREYMOND Pascal,10112,VERT,LES VERTS,0,0
209,EBENER Christophe,10096,VERT,LES VERTS,0,0
210,TALEGHANI Majid,9978,VERT,LES VERTS,0,0
211,DUPUIS Renaud,9961,VERT,LES VERTS,0,0
212,DE FELICE Nicolas,9954,VERT,LES VERTS,0,0
214,GEOFFROY Elias,9895,VERT,LES VERTS,0,0
215,DALPHIN Marc,9877,VERT,LES VERTS,0,0
216,KÜNDIG Ralph,9804,VERT,LES VERTS,0,0
228,LANCE François,8794,PDC,DÉMOCRATE-CHRÉTIEN,0,0
229,FORNI Jean-Luc,8714,PDC,DÉMOCRATE-CHRÉTIEN,0,0
231,MEISSNER REYFER Christine (Christina),8629,PDC,DÉMOCRATE-CHRÉTIEN,0,1
232,SAYEGH Souheil,8421,PDC,DÉMOCRATE-CHRÉTIEN,0,0
233,DESFAYES Sébastien,8336,PDC,DÉMOCRATE-CHRÉTIEN,0,0
234,MAGNIN Xavier,8309,PDC,DÉMOCRATE-CHRÉTIEN,0,0
235,LATHION Jean Charles,8306,PDC,DÉMOCRATE-CHRÉTIEN,0,0
236,CHAKER MANGEAT Alia,8274,PDC,DÉMOCRATE-CHRÉTIEN,0,1
237,MEYER DE STADELHOFEN Philippe,8221,PDC,DÉMOCRATE-CHRÉTIEN,0,0
238,RYS Alexandra,8213,PDC,DÉMOCRATE-CHRÉTIEN,0,1
240,ANGELOZZI Philippe,8201,PDC,DÉMOCRATE-CHRÉTIEN,0,0
242,AEBI Benjamin,8102,PDC,DÉMOCRATE-CHRÉTIEN,0,0
243,MAGNIN Yves,8091,PDC,DÉMOCRATE-CHRÉTIEN,0,0
244,GIORIA Gaëlle,8082,PDC,DÉMOCRATE-CHRÉTIEN,0,1
246,DE KALBERMATTEN Alain,8007,PDC,DÉMOCRATE-CHRÉTIEN,0,0
247,KUNZ Laurence,8000,PDC,DÉMOCRATE-CHRÉTIEN,0,1
248,CASUTT Martine,7981,PDC,DÉMOCRATE-CHRÉTIEN,0,1
249,DULEX Christophe,7954,PDC,DÉMOCRATE-CHRÉTIEN,0,0
251,PUTALLAZ Thomas,7930,PDC,DÉMOCRATE-CHRÉTIEN,0,0
252,SCHMIED Patrick,7922,PDC,DÉMOCRATE-CHRÉTIEN,0,0
253,UONG Dinh Manh,7879,PDC,DÉMOCRATE-CHRÉTIEN,0,0
254,ENGELBERTS Marie-Thérèse (ENGELBERTS-LEONE),7870,PDC,DÉMOCRATE-CHRÉTIEN,0,1
255,BOURBALA Djamel,7857,PDC,DÉMOCRATE-CHRÉTIEN,0,0
256,TOMASSI Christine,7827,PDC,DÉMOCRATE-CHRÉTIEN,0,1
257,BUGNION Jean-Michel,7815,PDC,DÉMOCRATE-CHRÉTIEN,0,0
259,FOURNIER Nicolas,7764,PDC,DÉMOCRATE-CHRÉTIEN,0,0
260,WEHRLI Patrick,7755,PDC,DÉMOCRATE-CHRÉTIEN,0,0
261,VÖLKI Robert,7750,PDC,DÉMOCRATE-CHRÉTIEN,0,0
263,PROGIN Christian,7738,PDC,DÉMOCRATE-CHRÉTIEN,0,0
264,TREMBLET Laurent,7736,PDC,DÉMOCRATE-CHRÉTIEN,0,0
265,GIANNASI Anthony,7719,PDC,DÉMOCRATE-CHRÉTIEN,0,0
268,DELUERMOZ Cosima,7696,PDC,DÉMOCRATE-CHRÉTIEN,0,1
270,SQUILLACI Nicola,7678,PDC,DÉMOCRATE-CHRÉTIEN,0,0
271,FISCHER Daniel,7666,PDC,DÉMOCRATE-CHRÉTIEN,0,0
272,GACHE Hélène,7662,PDC,DÉMOCRATE-CHRÉTIEN,0,1
274,MERLE Emmanuelle,7659,PDC,DÉMOCRATE-CHRÉTIEN,0,1
275,SOPI Dardan,7631,PDC,DÉMOCRATE-CHRÉTIEN,0,0
276,LEHNER Laurent,7623,PDC,DÉMOCRATE-CHRÉTIEN,0,0
277,DUPONT Thérèse,7617,PDC,DÉMOCRATE-CHRÉTIEN,0,1
278,GASHI Sami,7607,PDC,DÉMOCRATE-CHRÉTIEN,0,0
279,DECREY Christophe,7590,PDC,DÉMOCRATE-CHRÉTIEN,0,0
280,BOUVIER Jérémy,7586,PDC,DÉMOCRATE-CHRÉTIEN,0,0
282,ZIMMERMANN Luc,7577,PDC,DÉMOCRATE-CHRÉTIEN,0,0
283,MORONI Catherine,7567,PDC,DÉMOCRATE-CHRÉTIEN,0,1
284,ZIMMERMANN Bertrand,7542,PDC,DÉMOCRATE-CHRÉTIEN,0,0
285,SAUDAN Guy,7528,PDC,DÉMOCRATE-CHRÉTIEN,0,0
287,NEUDER Isabelle,7514,PDC,DÉMOCRATE-CHRÉTIEN,0,1
288,PFEIFFER Alex,7511,PDC,DÉMOCRATE-CHRÉTIEN,0,0
289,VUARNOZ Emanuela (Emanuelle),7498,PDC,DÉMOCRATE-CHRÉTIEN,0,1
290,CHEVALIER Alexandre,7494,PDC,DÉMOCRATE-CHRÉTIEN,0,0
291,SCHRAG Sylvianne,7488,PDC,DÉMOCRATE-CHRÉTIEN,0,1
292,FRISCHKNECHT Catherine,7477,PDC,DÉMOCRATE-CHRÉTIEN,0,1
293,MONDOUX Alexandre,7454,PDC,DÉMOCRATE-CHRÉTIEN,0,0
294,GIANNELLI Mark,7445,PDC,DÉMOCRATE-CHRÉTIEN,0,0
295,SIMOES Jose,7431,PDC,DÉMOCRATE-CHRÉTIEN,0,0
297,RUCHET Philippe,7400,PDC,DÉMOCRATE-CHRÉTIEN,0,0
298,RASOLO Daniel,7360,PDC,DÉMOCRATE-CHRÉTIEN,0,0
300,STEINBERG CANDRIAN Melinda,7347,PDC,DÉMOCRATE-CHRÉTIEN,0,1
301,MAKKI Michela (Michèle),7336,PDC,DÉMOCRATE-CHRÉTIEN,0,1
302,OUEDRAOGO Moustapha,7328,PDC,DÉMOCRATE-CHRÉTIEN,0,0
303,SCANDURRA Alessandro,7319,PDC,DÉMOCRATE-CHRÉTIEN,0,0
307,BAUD Olivier,7242,EAG,ENSEMBLE À GAUCHE,0,0
308,PERRET Vincent,7242,PDC,DÉMOCRATE-CHRÉTIEN,0,0
309,SAPIN Françoise,7228,MCG,MCG,0,1
310,BAYENET Pierre,7206,EAG,ENSEMBLE À GAUCHE,0,0
311,KHATTABI HASSAR Houda,7185,PDC,DÉMOCRATE-CHRÉTIEN,0,1
312,PYTHON André,7182,MCG,MCG,0,0
313,VALENTIN Francisco,7151,MCG,MCG,0,0
314,GANDER Florian,7143,MCG,MCG,0,0
315,GOLAY Sandra,7142,MCG,MCG,0,1
316,SONDEREGGER Gabriela,7090,MCG,MCG,0,1
317,NYFFELER BATOU Françoise,7086,EAG,ENSEMBLE À GAUCHE,0,1
318,LAURENT Pierre-Alain,7086,MCG,MCG,0,0
319,DECORVET Christian,7085,MCG,MCG,0,0
320,CHAPOU Frédéric,7084,MCG,MCG,0,0
321,MARTENOT Aude,7056,EAG,ENSEMBLE À GAUCHE,0,1
322,LUPO Paolo,7045,PDC,DÉMOCRATE-CHRÉTIEN,0,0
323,ANGELOZ Claude,7039,MCG,MCG,0,0
324,DEROUETTE Jean-Paul,7039,MCG,MCG,0,0
325,SAAS Alexandra,7031,MCG,MCG,0,1
326,PERADOTTO Julie,7023,EAG,ENSEMBLE À GAUCHE,0,1
327,ZOGG Thomas,7022,MCG,MCG,0,0
328,LE JONCOUR-BRÜLHART Céline,7020,MCG,MCG,0,1
329,RAPPAZ Henry,7020,MCG,MCG,0,0
330,AMBROSIO François,7013,MCG,MCG,0,0
332,TEIXEIRA Albano,7000,MCG,MCG,0,0
333,ZBINDEN Jean-Luc,6996,MCG,MCG,0,0
334,LEISI Laurent,6981,MCG,MCG,0,0
335,REICHENBACH Kevin,6980,MCG,MCG,0,0
336,MARGUET Tex,6971,MCG,MCG,0,0
337,JAHIJA Burim,6954,MCG,MCG,0,0
338,SCHNEBLI Tobias (Tobia),6952,EAG,ENSEMBLE À GAUCHE,0,0
339,CHAPPAZ Marc,6944,MCG,MCG,0,0
340,ECUYER Hélène,6941,EAG,ENSEMBLE À GAUCHE,0,1
341,MUDRY Yves,6938,MCG,MCG,0,0
342,MADANI Amar,6931,MCG,MCG,0,0
343,FONTAINE-VIVE-CURTAZ Jean,6930,MCG,MCG,0,0
344,PASCARELLA Louise,6929,MCG,MCG,0,1
345,ANGELO Antonio,6922,MCG,MCG,0,0
346,PEREZ Maria (Lou),6920,EAG,ENSEMBLE À GAUCHE,0,1
347,STEINER Christian,6915,MCG,MCG,0,0
348,OVETT BONDI Davinia,6914,EAG,ENSEMBLE À GAUCHE,0,1
349,SHLYAPINA Elena,6897,MCG,MCG,0,1
350,MÉNÉTREY Yasmine,6890,MCG,MCG,0,1
351,MÜLLER Olivier,6888,MCG,MCG,0,0
352,DI SALVO Giuseppe,6886,MCG,MCG,0,0
353,OUDIN Rémy,6882,MCG,MCG,0,0
354,FRAUCHIGER Roger,6871,MCG,MCG,0,0
355,SOTOMAYOR André,6863,MCG,MCG,0,0
356,BESSE Muriel,6862,MCG,MCG,0,1
357,ROULIN Claude,6860,MCG,MCG,0,0
358,CATTIN Jean-Pascal,6858,MCG,MCG,0,0
359,MARTIGNONI Alain,6848,MCG,MCG,0,0
360,GARCIA Javier,6844,MCG,MCG,0,0
361,NIETO Alexandre,6841,MCG,MCG,0,0
362,COVER Sabina,6839,MCG,MCG,0,1
363,VENDRELL Marie,6837,MCG,MCG,0,1
364,HEIMO Philippe,6834,MCG,MCG,0,0
365,FEKKAK Hatem,6830,MCG,MCG,0,0
366,CATALAN Joëlle,6827,MCG,MCG,0,1
367,GOSTOLI Gérard,6816,MCG,MCG,0,0
368,LOOSLI Bertille (Clarence),6815,MCG,MCG,0,1
369,PASTORE Daniel (Dany),6811,MCG,MCG,0,0
370,REOLON Bruno,6810,MCG,MCG,0,0
371,EMONET Sarah,6809,MCG,MCG,0,1
372,KLINGELE Olivier,6809,MCG,MCG,0,0
373,MARÉCHAL Christophe,6807,MCG,MCG,0,0
374,DO REGO Ricardo,6803,MCG,MCG,0,0
375,VILLETTE Jean,6803,MCG,MCG,0,0
376,DELMENICO Janine,6798,MCG,MCG,0,1
377,MARTIN Emmanuel,6798,MCG,MCG,0,0
378,CHAOUI Laïla,6797,MCG,MCG,0,1
379,COUTO Armando,6793,MCG,MCG,0,0
380,YAU Helen,6785,MCG,MCG,0,1
381,BENCKER Jeanne,6782,MCG,MCG,0,1
382,OLIVEIRA Rui,6775,MCG,MCG,0,0
383,ALBANESI Jean-François,6773,MCG,MCG,0,0
384,BARYEKA Jarek,6772,MCG,MCG,0,0
385,INNOCENTI Flavio,6772,MCG,MCG,0,0
386,ECUYER Annick,6765,EAG,ENSEMBLE À GAUCHE,0,0
387,AMBORD Cédric (Sandro),6763,MCG,MCG,0,0
388,BOLAY ROBIN Stéphanie,6760,EAG,ENSEMBLE À GAUCHE,0,1
389,GUISY Milène,6760,MCG,MCG,0,1
390,NAINE Marie-Josée,6755,MCG,MCG,0,1
391,HAYMOZ William,6754,MCG,MCG,0,0
392,BONVIN Philippe,6752,MCG,MCG,0,0
393,BAIUNCO Aurora,6750,MCG,MCG,0,1
394,SCHMID Audrey,6749,EAG,ENSEMBLE À GAUCHE,0,1
395,DELLAGIOVANNA Daniel,6747,MCG,MCG,0,0
396,LODDO Olivier (HENRIOUD),6744,MCG,MCG,0,0
397,BELCASTRO DE LUCA Nathalie,6735,MCG,MCG,0,1
398,SAUSER Nicolas,6735,MCG,MCG,0,0
399,DUSSAN Julien,6733,MCG,MCG,0,0
400,RYSER Alain,6733,MCG,MCG,0,0
401,BISSAT Rose (Marie Angeline),6725,MCG,MCG,0,1
402,SPAGNOLO Salvatore,6725,MCG,MCG,0,0
403,BEUN Christine (Kristine),6721,MCG,MCG,0,1
404,MONNEY Armand,6718,MCG,MCG,0,0
405,PIERRE TOUSSAINT Sircee,6712,MCG,MCG,0,1
406,PREZIOSO BATOU Stefania,6707,EAG,ENSEMBLE À GAUCHE,0,1
407,DE OLIVEIRA NUNES Vitor,6706,MCG,MCG,0,0
408,BARRY Minkailou,6687,MCG,MCG,0,0
411,AHDAB Ahmad (Chawki),6656,MCG,MCG,0,0
412,DRASKOVIC Rada,6654,MCG,MCG,0,1
413,GHARBI Mohamed,6633,MCG,MCG,0,0
414,BEN CHAABANE Salah,6631,MCG,MCG,0,0
415,OSSMANN Sekna,6607,EAG,ENSEMBLE À GAUCHE,0,1
416,JELK Andrée (JELK-PEILA),6589,EAG,ENSEMBLE À GAUCHE,0,1
417,BAILAT Ariane,6513,EAG,ENSEMBLE À GAUCHE,0,1
418,ENILINE Alexander,6511,EAG,ENSEMBLE À GAUCHE,0,0
419,JIMENEZ Jean-Daniel,6504,EAG,ENSEMBLE À GAUCHE,0,0
421,CASTRO Gloria,6488,EAG,ENSEMBLE À GAUCHE,0,1
422,ZAUGG Daniel,6481,EAG,ENSEMBLE À GAUCHE,0,0
423,ISSOM David-Zacharie,6464,EAG,ENSEMBLE À GAUCHE,0,0
424,JANUZI Bashkim,6457,EAG,ENSEMBLE À GAUCHE,0,0
425,ZAUGG Cecilia,6443,EAG,ENSEMBLE À GAUCHE,0,1
427,ZBINDEN Livia,6423,EAG,ENSEMBLE À GAUCHE,0,1
428,FERREIRA Elisabeth,6416,EAG,ENSEMBLE À GAUCHE,0,1
429,LANGFORD Pia,6412,EAG,ENSEMBLE À GAUCHE,0,1
430,VINCENT Michel,6404,EAG,ENSEMBLE À GAUCHE,0,0
431,MANRÍQUEZ Matías,6403,EAG,ENSEMBLE À GAUCHE,0,0
432,RUMPCZYK Delphine,6387,EAG,ENSEMBLE À GAUCHE,0,1
433,PFEFFER André,6384,UDC,UDC,0,0
434,KHAOUCHI Corinne,6365,EAG,ENSEMBLE À GAUCHE,0,1
435,ANDENMATTEN David,6363,EAG,ENSEMBLE À GAUCHE,0,0
436,DE MELO MARCELINO Amélia,6347,EAG,ENSEMBLE À GAUCHE,0,1
437,CARLO Xavier,6344,EAG,ENSEMBLE À GAUCHE,0,0
438,HULLIGER Patrick,6343,UDC,UDC,0,0
439,BLANCHET Marjo,6321,EAG,ENSEMBLE À GAUCHE,0,1
440,STEBLER GUENAT Henriette,6297,EAG,ENSEMBLE À GAUCHE,0,1
441,MAENDLY Norbert,6288,UDC,UDC,0,0
442,ESAKI KABEYA Elisabeth,6269,EAG,ENSEMBLE À GAUCHE,0,1
443,CHRISTINAT Jean-David,6265,EAG,ENSEMBLE À GAUCHE,0,0
444,SAHIN Gazi,6265,EAG,ENSEMBLE À GAUCHE,0,0
445,DURAKU Edon,6259,EAG,ENSEMBLE À GAUCHE,0,0
446,MICHAUD Eliane (ANSERMET),6233,UDC,UDC,0,1
447,CONTI Virna,6228,UDC,UDC,0,1
448,CATELAIN Gilbert,6227,UDC,UDC,0,0
449,EDJEOU Corinne (BUNTSCHU),6204,EAG,ENSEMBLE À GAUCHE,0,1
450,BOUJEMAA Sanae,6187,EAG,ENSEMBLE À GAUCHE,0,1
451,MEIERHOFER MANYAGOUA BOUMTCHÉ Charlotte,6185,EAG,ENSEMBLE À GAUCHE,0,1
452,CLEMENT Patrice,6180,EAG,ENSEMBLE À GAUCHE,0,0
453,DURAKU Fitore,6179,EAG,ENSEMBLE À GAUCHE,0,1
454,MAILLEFER Denise,6168,EAG,ENSEMBLE À GAUCHE,0,1
455,CAMELO Alfredo,6158,EAG,ENSEMBLE À GAUCHE,0,0
456,BLANCO Luis,6147,EAG,ENSEMBLE À GAUCHE,0,0
457,ECUYER Sébastien,6146,EAG,ENSEMBLE À GAUCHE,0,0
458,SALM DARBOE Karijn,6131,EAG,ENSEMBLE À GAUCHE,0,1
459,THOMAS Sébastien,6130,UDC,UDC,0,0
460,BOUZID Mohamed,6126,EAG,ENSEMBLE À GAUCHE,0,0
461,MISSOH DZIKUNOO Massan,6119,EAG,ENSEMBLE À GAUCHE,0,1
462,PERRENOUD Philippe,6112,UDC,UDC,0,0
463,BERTINAT Marie-Agnès,6102,UDC,UDC,0,1
464,SCHERB Peter (Pierre),6100,UDC,UDC,0,0
465,GERARDO FÉLIZ GRUBI Ynes,6098,EAG,ENSEMBLE À GAUCHE,0,1
466,MASÉ Zora,6078,UDC,UDC,0,1
467,BISOL Walter,6070,UDC,UDC,0,0
468,VELEN François,6064,UDC,UDC,0,0
469,GUINCHARD Damien,6052,UDC,UDC,0,0
470,LAPORTE Claude,6052,UDC,UDC,0,0
471,KNÖRR Stephen,6050,UDC,UDC,0,0
472,GUEVARA Francisco,6042,EAG,ENSEMBLE À GAUCHE,0,0
473,RUBELI Pascal,6038,UDC,UDC,0,0
474,ZEHFUS Yves,6038,EAG,ENSEMBLE À GAUCHE,0,0
475,MARTI Werner,6035,EAG,ENSEMBLE À GAUCHE,0,0
476,PAREL Loïc,6012,UDC,UDC,0,0
477,QUEFFÉLEC Philippe,6007,UDC,UDC,0,0
478,KNOLL Tatiana,6005,UDC,UDC,0,1
479,ROMANENS Mathieu,6003,UDC,UDC,0,0
480,RIME Alexandre,5982,UDC,UDC,0,0
481,LYON Didier,5981,UDC,UDC,0,0
482,STARK Riccardo (Richard),5980,UDC,UDC,0,0
483,LÉGUILLON Angèle,5977,UDC,UDC,0,1
484,SCHWEIZER Adriana,5967,UDC,UDC,0,1
485,ROSSEL Pascal,5964,EAG,ENSEMBLE À GAUCHE,0,0
486,DOURNOW David,5956,UDC,UDC,0,0
487,DUTRUIT André,5946,UDC,UDC,0,0
488,ALTENBACH Pascal,5941,UDC,UDC,0,0
489,BONTOUX Caroline,5940,UDC,UDC,0,1
490,NOETZLIN Simon,5911,EAG,ENSEMBLE À GAUCHE,0,0
491,CHAUSSIVERT Patrice,5868,UDC,UDC,0,0
492,GALLAND Eduardo,5864,EAG,ENSEMBLE À GAUCHE,0,0
493,MAMIN François,5860,EAG,ENSEMBLE À GAUCHE,0,0
494,PRANDO Stéphane,5853,UDC,UDC,0,0
495,MOUNLA Alexandre,5845,UDC,UDC,0,0
496,HEDDI Leila,5800,UDC,UDC,0,1
497,GOMES DE ALMEIDA José (Manuel),5786,UDC,UDC,0,0
498,STAUFFER Eric,5757,GEMA,GENÈVE EN MARCHE,0,0
499,BORER Maria Da Conceicao,5752,UDC,UDC,0,1
500,KHACHATRYAN Gohar,5714,UDC,UDC,0,1
501,DESYATKINA DZODZIEV Viktoriya,5613,UDC,UDC,0,1
502,AKABA El Mostafa,5555,UDC,UDC,0,0
503,ZACHARIAS Ronald,5242,GEMA,GENÈVE EN MARCHE,0,0
504,HONEGGER HELLER Manuela,4706,FEM,LALISTE-FEMMES 2018,0,1
505,YOL Diana,4178,FEM,LALISTE-FEMMES 2018,0,1
506,MÜLLER Fabienne (ABRAMOVICH),4105,FEM,LALISTE-FEMMES 2018,0,1
507,SPÜHLER Pascal,4075,GEMA,GENÈVE EN MARCHE,0,0
508,RANDEGGER Alice,4043,FEM,LALISTE-FEMMES 2018,0,1
509,OZDEMIR Elcim (ÖZDEMIR Elçim),3965,FEM,LALISTE-FEMMES 2018,0,1
510,BOSELLI GAUTHEY Monica,3944,FEM,LALISTE-FEMMES 2018,0,1
511,RICCIARDI WERLEN Jacqueline,3941,FEM,LALISTE-FEMMES 2018,0,1
512,BORCARD Anne,3934,FEM,LALISTE-FEMMES 2018,0,1
513,LANGER Valérie,3910,FEM,LALISTE-FEMMES 2018,0,1
514,JAUCH Caroline,3883,FEM,LALISTE-FEMMES 2018,0,1
515,GRANGE Marie-Florence,3864,FEM,LALISTE-FEMMES 2018,0,1
516,THOMIAS LEDUC Diana,3793,FEM,LALISTE-FEMMES 2018,0,1
517,OCHARAN ROBLES RAPAZ Eva (OCHARAN ROBLES),3691,FEM,LALISTE-FEMMES 2018,0,1
518,MAZZONI Nikita,3659,FEM,LALISTE-FEMMES 2018,0,1
519,WALTHER Thierry,3632,GEMA,GENÈVE EN MARCHE,0,0
520,DEPRAETERE Graciela (DEPRAETERE-MANULIS),3622,FEM,LALISTE-FEMMES 2018,0,1
521,SARAIVA MEDEIROS Carlos,3620,GEMA,GENÈVE EN MARCHE,0,0
522,ROSSIER FAHRION Cerise,3597,FEM,LALISTE-FEMMES 2018,0,1
523,DA CRUZ PEDRO Anna (DA CRUZ PERRET-GENTIL),3561,FEM,LALISTE-FEMMES 2018,0,1
524,NOBS Cyril,3548,GEMA,GENÈVE EN MARCHE,0,0
525,LAVRADOR DIAS Claudia (DIAS),3508,FEM,LALISTE-FEMMES 2018,0,1
526,GAETANINO Marco,3467,GEMA,GENÈVE EN MARCHE,0,0
527,NOËL Daniel,3431,GEMA,GENÈVE EN MARCHE,0,0
528,LE JEUNE GIACOBBI Cristina,3414,GEMA,GENÈVE EN MARCHE,0,1
529,PICOT Jérôme,3414,GEMA,GENÈVE EN MARCHE,0,0
530,L'HUILLIER Eric,3404,GEMA,GENÈVE EN MARCHE,0,0
531,MAYORAL EDO Corinne (MAYORAL),3368,FEM,LALISTE-FEMMES 2018,0,1
532,BECK Victoria,3367,GEMA,GENÈVE EN MARCHE,0,1
533,FUSCO Gerardo,3352,GEMA,GENÈVE EN MARCHE,0,0
534,FREY Priscilla,3347,GEMA,GENÈVE EN MARCHE,0,1
535,FABRE Jean,3337,GEMA,GENÈVE EN MARCHE,0,0
536,LOEILLET-ROUZIER Anne (Marie),3327,GEMA,GENÈVE EN MARCHE,0,1
537,GAMBERONI Dominique,3306,GEMA,GENÈVE EN MARCHE,0,0
538,COHEN Olivier,3301,GEMA,GENÈVE EN MARCHE,0,0
539,RUCHONNET Jean-François,3300,GEMA,GENÈVE EN MARCHE,0,0
540,LOTA Raphaëlle,3285,GEMA,GENÈVE EN MARCHE,0,1
541,MAIGRE Maria Inès,3279,GEMA,GENÈVE EN MARCHE,0,1
542,GALETTO Frédéric,3273,GEMA,GENÈVE EN MARCHE,0,0
543,GARGANTINI Yves,3273,GEMA,GENÈVE EN MARCHE,0,0
544,BALLESTEROS Stefan,3269,GEMA,GENÈVE EN MARCHE,0,0
545,THOMSEN Elena (MILAKOVA),3259,GEMA,GENÈVE EN MARCHE,0,1
546,PARANÁ JÚNIOR Valério,3257,GEMA,GENÈVE EN MARCHE,0,0
547,RIME Fatma (Fatima),3249,GEMA,GENÈVE EN MARCHE,0,1
548,SANTI Michel,3243,GEMA,GENÈVE EN MARCHE,0,0
549,HALIMI Arsim,3237,GEMA,GENÈVE EN MARCHE,0,0
550,ANTOINE Jean-Marc,3228,GEMA,GENÈVE EN MARCHE,0,0
551,LEVY Yossef (Hai),3227,GEMA,GENÈVE EN MARCHE,0,0
552,NGUYEN Van Minh,3226,GEMA,GENÈVE EN MARCHE,0,0
553,BRUGUIER Michel,3220,GEMA,GENÈVE EN MARCHE,0,0
554,MARTEL Frédéric,3202,GEMA,GENÈVE EN MARCHE,0,0
555,BERLEMONT Alain,3201,GEMA,GENÈVE EN MARCHE,0,0
556,SOLTEIRO Jorge,3178,GEMA,GENÈVE EN MARCHE,0,0
557,BISSOLI Marion (LE BACQUER),3174,GEMA,GENÈVE EN MARCHE,0,1
558,BRKIC Vitomir,3172,GEMA,GENÈVE EN MARCHE,0,0
559,HÜSSY COPPEX Viviana Ximena Anghela,3162,GEMA,GENÈVE EN MARCHE,0,1
560,FARINHA Horacio,3153,GEMA,GENÈVE EN MARCHE,0,0
561,FONTANA Jérôme,2656,VERL,VERT'LIBÉRAUX,0,0
562,ORSINI Magali,2632,LPG,LA LISTE POUR GENÈVE,0,1
563,GAUTROT Maria Magdalena (Marielena),2478,VERL,VERT'LIBÉRAUX,0,1
564,PIGUET Frédéric (Paul),2462,VERL,VERT'LIBÉRAUX,0,0
565,PEYRAUD Alexandre,2450,VERL,VERT'LIBÉRAUX,0,0
566,HÄUSERMANN Elisabeth,2250,VERL,VERT'LIBÉRAUX,0,1
567,GAUTHIER Pierre,2145,LPG,LA LISTE POUR GENÈVE,0,0
568,WUARIN Marc,2005,VERL,VERT'LIBÉRAUX,0,0
569,RITTER Sven,1986,VERL,VERT'LIBÉRAUX,0,0
570,MEYLAN Jean Michel,1980,VERL,VERT'LIBÉRAUX,0,0
571,HAMOIR Fursy,1976,VERL,VERT'LIBÉRAUX,0,0
572,PREISIG Robert,1967,VERL,VERT'LIBÉRAUX,0,0
573,JEANMONOD Christian,1907,VERL,VERT'LIBÉRAUX,0,0
574,CORI Claudio,1821,VERL,VERT'LIBÉRAUX,0,0
575,VIDONNE Thierry,1809,PBD,PBD GENÈVE,0,0
576,WITTWER Christoph,1771,VERL,VERT'LIBÉRAUX,0,0
577,BESOMI Alessandro (Alex),1763,VERL,VERT'LIBÉRAUX,0,0
578,FRAMMERY Chloe,1758,LEE,ÉGALITÉ ET ÉQUITÉ,0,1
579,BUSTAMANTE HERNANDEZ Eric,1681,VERL,VERT'LIBÉRAUX,0,0
580,DUVNJAK Sanja,1678,LEE,ÉGALITÉ ET ÉQUITÉ,0,1
581,SAMIM FIROUZSALARI Atefeh,1676,VERL,VERT'LIBÉRAUX,0,1
582,SCHUCANI Grégoire,1464,LEE,ÉGALITÉ ET ÉQUITÉ,0,0
583,MONSHENGWO Jessica,1431,LEE,ÉGALITÉ ET ÉQUITÉ,0,1
584,REGAMEY Murielle,1420,LEE,ÉGALITÉ ET ÉQUITÉ,0,1
585,ROSSELLAT Blaise,1404,LEE,ÉGALITÉ ET ÉQUITÉ,0,0
586,FRAUDEAU Delphine,1347,LEE,ÉGALITÉ ET ÉQUITÉ,0,1
587,LOPEZ Julien,1341,LEE,ÉGALITÉ ET ÉQUITÉ,0,0
588,SCHELLER Gérard,1325,LEE,ÉGALITÉ ET ÉQUITÉ,0,0
589,GOLAY Séverine,1321,LEE,ÉGALITÉ ET ÉQUITÉ,0,1
590,FOUDA AMOUGOU Charlotte,1295,LEE,ÉGALITÉ ET ÉQUITÉ,0,1
591,JORDAN Claude,1262,LEE,ÉGALITÉ ET ÉQUITÉ,0,0
592,ARMAND Catherine,1240,LPG,LA LISTE POUR GENÈVE,0,1
593,ABESSE Hayet,1176,LEE,ÉGALITÉ ET ÉQUITÉ,0,1
594,BULT Christoph,1159,LEE,ÉGALITÉ ET ÉQUITÉ,0,0
595,DACHROUNE Samir,1153,LEE,ÉGALITÉ ET ÉQUITÉ,0,0
596,PERRIN Brigitte,1124,LPG,LA LISTE POUR GENÈVE,0,1
597,GUEX Stéphane (dit Guex-Pierre),1082,LPG,LA LISTE POUR GENÈVE,0,0
598,LEITNER André,1006,PBD,PBD GENÈVE,0,0
599,HUMBERSET Corinne,989,LPG,LA LISTE POUR GENÈVE,0,1
600,RUCKTERSTUHL Jean-Claude,988,LPG,LA LISTE POUR GENÈVE,0,0
601,MEYNET Danielle,973,LPG,LA LISTE POUR GENÈVE,0,1
602,VIDONNE Valérie,965,PBD,PBD GENÈVE,0,1
603,VIDONNE David,931,PBD,PBD GENÈVE,0,0
604,LONGO Katrin,905,LPG,LA LISTE POUR GENÈVE,0,1
605,GIROD Nicolas,903,LPG,LA LISTE POUR GENÈVE,0,0
606,FLAKS Joël,902,LPG,LA LISTE POUR GENÈVE,0,0
607,DELACQUIS Cédric,891,PBD,PBD GENÈVE,0,0
608,MEYNET Leon,875,LPG,LA LISTE POUR GENÈVE,0,0
609,ZAGATO Sophie,873,PBD,PBD GENÈVE,0,1
610,GOUDAL Renaud,817,LPG,LA LISTE POUR GENÈVE,0,0
611,KÜDERLI BERKANE Nicole,816,LPG,LA LISTE POUR GENÈVE,0,1
612,ZIMMERMANN Olivier,791,LPG,LA LISTE POUR GENÈVE,0,0
613,CHATELAIN Dimitri,775,LPG,LA LISTE POUR GENÈVE,0,0
614,THURNHERR Sylvain,696,PBD,PBD GENÈVE,0,0
615,FADER Annette (Yasuka),695,PBD,PBD GENÈVE,0,1
616,KUNZI Nicolas,675,PBD,PBD GENÈVE,0,0
617,TURNOWSKY Serge,675,LPG,LA LISTE POUR GENÈVE,0,0
618,THURNHERR Laurent,645,PBD,PBD GENÈVE,0,0
619,KUGEL Mark,643,PBD,PBD GENÈVE,0,0
620,KUNZI Philippe,635,PBD,PBD GENÈVE,0,0
621,BEUREUX Johan,605,PBD,PBD GENÈVE,0,0
622,BEUREUX Silvain,586,PBD,PBD GENÈVE,0,0
623,FERRAND Guy,554,PBD,PBD GENÈVE,0,0
